{
  "model": "xgboost",
  "metrics": {
    "accuracy": 0.8875,
    "precision": 0.6966292134831461,
    "recall": 0.775,
    "f1": 0.7337278106508875,
    "auc_roc": 0.9484375000000002,
    "auc_pr": 0.83231538045084,
    "brier_score": 0.08182031661272049,
    "ks_statistic": 0.79375
  }
}